feature_id,title,description,priority,owner,target_repository,user_type,user_goal,business_value,acceptance_criteria,risk_tier,source_url,dependencies,non_functional_requirements,out_of_scope,success_metric
CH-1001,Digital specialist referral intake,"Allow a primary-care referral coordinator to submit a complete specialist referral with patient consent, clinical reason, preferred specialty, and supporting documents.",P0,Referral Operations,health-auth-service,Referral coordinator,"Submit a complete referral without rekeying patient details.","Reduce incomplete referrals and give every downstream team a traceable starting record.","Given an authenticated coordinator with access to the patient's care organization; when they submit a referral containing consent status patient identifiers receiving specialty clinical reason and at least one contact method; then the system creates one immutable referral record returns a reference number and shows the referral as Awaiting clinical review. Given missing required information or an invalid consent status; when submission is attempted; then no referral is created and each correctable field is identified. Given the same idempotency key is submitted again; when the original request was accepted; then the original referral is returned without creating a duplicate.",R3,https://www.cms.gov/medical-billing/healthcare-common-procedure-system,"Patient identity service; organization authorization; document storage; audit ledger","Server-side organization and role authorization; consent and patient identifiers excluded from application logs; encrypted document storage; WCAG 2.2 AA; keyboard-operable form; p95 accepted submission under 3 seconds; immutable audit event for create and validation failure.","Referral scheduling; payer authorization determination; clinical triage policy authoring.","Complete referral submission rate; incomplete-referral correction rate; duplicate referral rate."
CH-1002,Clinical documentation request and reconciliation,"Allow the receiving specialty team to request missing clinical documents and reconcile received documents against a referral before it is ready for review.",P0,Clinical Intake,health-auth-service,Specialty intake coordinator,"Request and track only the records needed to make the referral clinically reviewable.","Shorten time to a reviewable referral while preserving a minimum-necessary and auditable document trail.","Given a referral in Awaiting clinical review; when an authorized specialty coordinator marks a required document as missing and sends a request; then the requester recipient document type due date and referral version are retained and the referral shows Needs information. Given an authorized source uploads a document for an open request; when file type size malware scan and patient-to-referral match succeed; then the document is versioned linked to the request and the referral shows Ready for specialist review only after every required request is satisfied. Given a document does not match the referral patient or fails safety validation; when upload is attempted; then it is quarantined no clinical reviewer can access it and an audit event records the rejection reason.",R4,https://www.healthit.gov/topic/health-it-health-care-settings/health-information-exchange,"CH-1001; document storage; malware scanning service; patient identity service; notification service","Minimum-necessary document metadata; encrypted transit and storage; server-side patient and organization match; immutable version history; antivirus result required before availability; p95 document-status update under 5 seconds; WCAG 2.2 AA.","Clinical diagnosis; specialist scheduling; external EHR write-back; automated clinical decision making.","Median time from referral creation to review-ready; document reconciliation success rate; quarantined-upload rate; unauthorized document-access rate equals zero."
CH-1003,Referral decision communication and next-step coordination,"Allow a specialist reviewer to record an accountable referral decision and give the patient and referring practice clear, appropriate next steps.",P0,Specialty Care Operations,member-portal,Specialist reviewer,"Record a referral decision with clinically appropriate next steps and notify the people who need to act.","Close the referral loop, reduce patient uncertainty, and create an auditable handoff to scheduling or follow-up care.","Given a referral is Ready for specialist review and the reviewer is authorized for the receiving organization; when the reviewer records Accepted Needs more information or Not appropriate with a permitted rationale and next-step instruction; then the decision is bound to the reviewed referral and document versions, an immutable audit event is retained, and the referral state changes once. Given Accepted is recorded; when patient communication preference permits notification; then the patient and referring practice receive a notification that contains no sensitive clinical detail and directs them to the authenticated portal for next steps. Given a reviewer tries to decide their own submitted referral or a stale referral version; when the decision is submitted; then no decision is recorded and the user receives a clear conflict or refresh instruction.",R4,https://www.ahrq.gov/patient-safety/settings/ambulatory/referrals.html,"CH-1001; CH-1002; reviewer authorization; notification service; patient portal; audit ledger","Separation of duties between referral submitter and decision reviewer; server-side version check; minimum-necessary notifications; immutable decision record; WCAG 2.2 AA; accessible notification status; p95 decision save under 2 seconds; delivery and notification failures monitored.","Appointment scheduling; emergency triage; clinical treatment recommendations; automated denial decisions.","Referral-loop closure rate; median decision time after review readiness; patient notification delivery rate; stale-decision rejection rate."
CH-1004,Tenant Compass users need a reliable way to confirm whether a tenant's AIDE ID is funded during onboarding process. Today, funding validation does not exists as part of the Tenant lifecycle , which creates the risk of missed unfunded active tenants, delayed follow-up, and inconsistent onboarding decisions. This matters now because onboarding is a control point where funding issues can be surfaced early, before they create downstream operational or support work. The primary benefit is clearer tenant readiness visibility for onboarding users, along with better compliance and faster action when funding gaps are detected.
Desired experience
During tenant onboarding, the user can view the funding status associated with the tenant-level AIDE ID in a way that is easy to verify before proceeding.
When account data is extracted, the system validates the related AIDE ID against account-level funding status and clearly indicates whether the account is tagged to funded AIDE ID
If active tenants are found without funding, the system captures them as actionable follow-up items and notifies the AE Operations for follow-up with Tenant Owner/Account Owner.
The first release should focus on visibility, validation, and action creation during onboarding
MLP: Add funding status visibility for the tenant-level AIDE ID on the Tenant Onboarding page, validate funding status using extracted account data, and automatically flag any active unfunded tenants as actions for follow-up.
For any historical tenants that are already Onboarded and Active, this field will remain blank (as the concept of tenant level AIDE ID did not exist in the past). Tenant Compass will still check the Account level AIDE ID funding status and report any unfunded Application for Active tenants/accounts.
Tenant Compass will consume the Account Manager Financial API for the Funding status
Onboarding will not be blocked if the AIDE ID is not funded, however the SBL/tooling steps will have to be blocked (if the tagged AIDE ID is not funded), funding validation does not exists as part of the Tenant lifecycle , which creates the risk of missed unfunded active tenants, delayed follow-up, and inconsistent onboarding decisions. This matters now because onboarding is a control point where funding issues can be surfaced early, before they create downstream operational or support work. The primary benefit is clearer tenant readiness visibility for onboarding users, along with better compliance and faster action when funding gaps are detected.